Date,Headline
2026-01-01,Regulatory hurdles ahead for INFY's latest acquisition
2026-01-02,INFY announces new strategic partnership
2026-01-03,Bullish sentiment prevails for INFY investors
2026-01-04,INFY faces supply chain challenges
2026-01-05,INFY faces supply chain challenges
2026-01-06,Concerns about INFY's latest technology launch
2026-01-07,Bullish sentiment prevails for INFY investors
2026-01-08,Optimism grows for INFY's market share in Asia
2026-01-09,Concerns about INFY's latest technology launch
2026-01-10,New competition enters the market for INFY products
2026-01-11,Market analysts raise target price for INFY
2026-01-12,New competition enters the market for INFY products
2026-01-13,Regulatory hurdles ahead for INFY's latest acquisition
2026-01-14,INFY stock hits quarterly high
2026-01-15,Regulatory hurdles ahead for INFY's latest acquisition
2026-01-16,Market analysts raise target price for INFY
2026-01-17,Regulatory hurdles ahead for INFY's latest acquisition
2026-01-18,Concerns about INFY's latest technology launch
2026-01-19,Bullish sentiment prevails for INFY investors
2026-01-20,INFY stock hits quarterly high
2026-01-21,INFY stock hits quarterly high
2026-01-22,INFY announces new strategic partnership
2026-01-23,Regulatory hurdles ahead for INFY's latest acquisition
2026-01-24,Concerns about INFY's latest technology launch
2026-01-25,Regulatory hurdles ahead for INFY's latest acquisition
2026-01-26,New competition enters the market for INFY products
2026-01-27,Optimism grows for INFY's market share in Asia
2026-01-28,Concerns about INFY's latest technology launch
2026-01-29,Optimism grows for INFY's market share in Asia
2026-01-30,Bullish sentiment prevails for INFY investors
2026-01-31,Optimism grows for INFY's market share in Asia
2026-02-01,Concerns about INFY's latest technology launch
2026-02-02,Optimism grows for INFY's market share in Asia
2026-02-03,Regulatory hurdles ahead for INFY's latest acquisition
2026-02-04,Positive outlook for INFY after strong earnings report
2026-02-05,INFY stock hits quarterly high
2026-02-06,Regulatory hurdles ahead for INFY's latest acquisition
2026-02-07,Positive outlook for INFY after strong earnings report
2026-02-08,Regulatory hurdles ahead for INFY's latest acquisition
2026-02-09,INFY faces supply chain challenges
2026-02-10,New competition enters the market for INFY products
2026-02-11,INFY announces new strategic partnership
2026-02-12,INFY announces new strategic partnership
2026-02-13,Regulatory hurdles ahead for INFY's latest acquisition
2026-02-14,Regulatory hurdles ahead for INFY's latest acquisition
2026-02-15,New competition enters the market for INFY products
2026-02-16,INFY faces supply chain challenges
2026-02-17,INFY faces supply chain challenges
2026-02-18,INFY announces new strategic partnership
2026-02-19,Market analysts raise target price for INFY
2026-02-20,Bullish sentiment prevails for INFY investors
2026-02-21,INFY faces supply chain challenges
2026-02-22,Concerns about INFY's latest technology launch
2026-02-23,INFY stock hits quarterly high
2026-02-24,INFY faces supply chain challenges
2026-02-25,INFY faces supply chain challenges
2026-02-26,INFY stock hits quarterly high
2026-02-27,INFY announces new strategic partnership
2026-02-28,Concerns about INFY's latest technology launch
2026-03-01,Optimism grows for INFY's market share in Asia
2026-03-02,Optimism grows for INFY's market share in Asia
2026-03-03,Bullish sentiment prevails for INFY investors
2026-03-04,INFY announces new strategic partnership
2026-03-05,Positive outlook for INFY after strong earnings report
2026-03-06,Regulatory hurdles ahead for INFY's latest acquisition
2026-03-07,Regulatory hurdles ahead for INFY's latest acquisition
2026-03-08,Market analysts raise target price for INFY
2026-03-09,Market analysts raise target price for INFY
2026-03-10,Bullish sentiment prevails for INFY investors
2026-03-11,New competition enters the market for INFY products
2026-03-12,INFY faces supply chain challenges
2026-03-13,INFY faces supply chain challenges
2026-03-14,Concerns about INFY's latest technology launch
2026-03-15,Bullish sentiment prevails for INFY investors
2026-03-16,Optimism grows for INFY's market share in Asia
2026-03-17,Optimism grows for INFY's market share in Asia
2026-03-18,INFY stock hits quarterly high
2026-03-19,Concerns about INFY's latest technology launch
2026-03-20,Optimism grows for INFY's market share in Asia
2026-03-21,INFY faces supply chain challenges
2026-03-22,INFY announces new strategic partnership
2026-03-23,New competition enters the market for INFY products
2026-03-24,Bullish sentiment prevails for INFY investors
2026-03-25,Concerns about INFY's latest technology launch
2026-03-26,New competition enters the market for INFY products
2026-03-27,Concerns about INFY's latest technology launch
2026-03-28,Positive outlook for INFY after strong earnings report
2026-03-29,INFY faces supply chain challenges
2026-03-30,Regulatory hurdles ahead for INFY's latest acquisition
2026-03-31,Regulatory hurdles ahead for INFY's latest acquisition
2026-04-01,INFY faces supply chain challenges
2026-04-02,Bullish sentiment prevails for INFY investors
2026-04-03,INFY faces supply chain challenges
2026-04-04,INFY announces new strategic partnership
2026-04-05,Regulatory hurdles ahead for INFY's latest acquisition
2026-04-06,Positive outlook for INFY after strong earnings report
2026-04-07,New competition enters the market for INFY products
2026-04-08,Market analysts raise target price for INFY
2026-04-09,Positive outlook for INFY after strong earnings report
2026-04-10,Concerns about INFY's latest technology launch
2026-04-11,INFY faces supply chain challenges
2026-04-12,Regulatory hurdles ahead for INFY's latest acquisition
2026-04-13,INFY announces new strategic partnership
2026-04-14,Concerns about INFY's latest technology launch
2026-04-15,INFY stock hits quarterly high
2026-04-16,Regulatory hurdles ahead for INFY's latest acquisition
2026-04-17,Optimism grows for INFY's market share in Asia
2026-04-18,Market analysts raise target price for INFY
2026-04-19,INFY stock hits quarterly high
2026-04-20,INFY announces new strategic partnership
2026-04-21,Concerns about INFY's latest technology launch
2026-04-22,INFY announces new strategic partnership
2026-04-23,INFY faces supply chain challenges
2026-04-24,INFY announces new strategic partnership
2026-04-25,INFY stock hits quarterly high
2026-04-26,Optimism grows for INFY's market share in Asia
2026-04-27,Optimism grows for INFY's market share in Asia
2026-04-28,New competition enters the market for INFY products
2026-04-29,New competition enters the market for INFY products
2026-04-30,INFY stock hits quarterly high
2026-05-01,New competition enters the market for INFY products
2026-05-02,Market analysts raise target price for INFY
2026-05-03,Market analysts raise target price for INFY
2026-05-04,Concerns about INFY's latest technology launch
2026-05-05,Optimism grows for INFY's market share in Asia
2026-05-06,Optimism grows for INFY's market share in Asia
2026-05-07,Regulatory hurdles ahead for INFY's latest acquisition
2026-05-08,Regulatory hurdles ahead for INFY's latest acquisition
2026-05-09,Regulatory hurdles ahead for INFY's latest acquisition
2026-05-10,Optimism grows for INFY's market share in Asia
2026-05-11,Optimism grows for INFY's market share in Asia
2026-05-12,Market analysts raise target price for INFY
2026-05-13,INFY announces new strategic partnership
2026-05-14,Concerns about INFY's latest technology launch
2026-05-15,Positive outlook for INFY after strong earnings report
2026-05-16,Positive outlook for INFY after strong earnings report
2026-05-17,Concerns about INFY's latest technology launch
2026-05-18,Positive outlook for INFY after strong earnings report
2026-05-19,Market analysts raise target price for INFY
2026-05-20,Regulatory hurdles ahead for INFY's latest acquisition
2026-05-21,Optimism grows for INFY's market share in Asia
2026-05-22,INFY faces supply chain challenges
2026-05-23,Bullish sentiment prevails for INFY investors
2026-05-24,Regulatory hurdles ahead for INFY's latest acquisition
2026-05-25,INFY faces supply chain challenges
2026-05-26,Positive outlook for INFY after strong earnings report
2026-05-27,INFY faces supply chain challenges
2026-05-28,Bullish sentiment prevails for INFY investors
2026-05-29,Bullish sentiment prevails for INFY investors
2026-05-30,INFY stock hits quarterly high
2026-05-31,Regulatory hurdles ahead for INFY's latest acquisition
2026-06-01,Concerns about INFY's latest technology launch
2026-06-02,INFY faces supply chain challenges
2026-06-03,Bullish sentiment prevails for INFY investors
2026-06-04,Regulatory hurdles ahead for INFY's latest acquisition
2026-06-05,Regulatory hurdles ahead for INFY's latest acquisition
2026-06-06,Bullish sentiment prevails for INFY investors
2026-06-07,Market analysts raise target price for INFY
2026-06-08,Optimism grows for INFY's market share in Asia
2026-06-09,INFY stock hits quarterly high
2026-06-10,New competition enters the market for INFY products
2026-06-11,INFY faces supply chain challenges
2026-06-12,Market analysts raise target price for INFY
2026-06-13,Bullish sentiment prevails for INFY investors
2026-06-14,INFY announces new strategic partnership
2026-06-15,INFY stock hits quarterly high
2026-06-16,Positive outlook for INFY after strong earnings report
2026-06-17,Regulatory hurdles ahead for INFY's latest acquisition
2026-06-18,Concerns about INFY's latest technology launch
2026-06-19,New competition enters the market for INFY products
2026-06-20,Regulatory hurdles ahead for INFY's latest acquisition
2026-06-21,INFY announces new strategic partnership
2026-06-22,INFY announces new strategic partnership
2026-06-23,INFY faces supply chain challenges
2026-06-24,Bullish sentiment prevails for INFY investors
2026-06-25,Bullish sentiment prevails for INFY investors
2026-06-26,Bullish sentiment prevails for INFY investors
2026-06-27,INFY stock hits quarterly high
2026-06-28,INFY faces supply chain challenges
2026-06-29,INFY faces supply chain challenges
